sender,receiver,amount,date
P025,P008,16100,2026-03-30
P021,P023,15185,2026-03-04
P026,P001,10141,2026-01-12
P008,P013,8472,2026-03-30
P010,P022,12592,2026-03-16
P016,P018,11764,2026-03-09
P014,P024,11339,2026-03-12
P012,P023,9377,2026-02-28
P010,P009,4453,2026-01-30
P024,P007,4417,2026-02-10
P024,P018,6566,2026-03-30
P024,P016,19819,2026-02-05
P025,P017,9773,2026-03-18
P004,P007,7954,2026-02-07
P012,P006,963,2026-02-08
P023,P018,9488,2026-01-17
P018,P010,4637,2026-03-31
P021,P025,3861,2026-03-04
P001,P019,15881,2026-02-06
P016,P015,6541,2026-02-13
P002,P009,4238,2026-03-03
P003,P013,2927,2026-03-04
P019,P021,2256,2026-03-29
P026,P019,3291,2026-02-08
P008,P004,14137,2026-03-13
P026,P020,17623,2026-01-29
P013,P015,10243,2026-02-26
P019,P014,19132,2026-02-09
P020,P002,3751,2026-03-20
P025,P007,7414,2026-03-22
P009,P022,5646,2026-01-11
P008,P006,2959,2026-03-12
P006,P001,15262,2026-02-22
P023,P020,10043,2026-03-02
P002,P008,9764,2026-02-06
P023,P015,8148,2026-01-10
P009,P026,19826,2026-03-22
P022,P026,14430,2026-01-26
P004,P018,5382,2026-01-29
P009,P005,2454,2026-01-10
P006,P026,19998,2026-02-09
P024,P019,14890,2026-02-06
P004,P015,10464,2026-03-30
P023,P013,16899,2026-02-04
P018,P016,3135,2026-02-26
P020,P002,11061,2026-02-25
P020,P009,3492,2026-01-04
P008,P022,19738,2026-03-15
P001,P025,9331,2026-03-28
P019,P002,15917,2026-01-23
P017,P021,9614,2026-02-26
P006,P019,16612,2026-02-25
P003,P016,13880,2026-02-14
P022,P004,11307,2026-01-21
P014,P023,9944,2026-03-05
P022,P013,1702,2026-03-12
P015,P003,8770,2026-02-10
P011,P004,17362,2026-02-21
P001,P022,15638,2026-03-11
P014,P002,17488,2026-01-25
P012,P020,14984,2026-03-05
P025,P002,9250,2026-01-27
P018,P005,14856,2026-02-06
P023,P016,1445,2026-01-16
P021,P020,5689,2026-01-31
P010,P018,18596,2026-01-02
P014,P003,4217,2026-01-29
P015,P004,5545,2026-03-24
P016,P023,17174,2026-02-07
P023,P009,16310,2026-02-23
P016,P008,18563,2026-02-28
P005,P013,17154,2026-01-25
P024,P005,9552,2026-01-09
P025,P026,11637,2026-02-23
P026,P017,584,2026-02-04
P010,P024,19732,2026-02-08
P019,P022,5369,2026-03-04
P015,P018,11809,2026-03-03
P011,P018,12860,2026-03-11
P015,P011,8325,2026-01-25
P019,P013,13960,2026-01-30
P002,P011,12992,2026-03-02
P013,P022,5484,2026-03-25
P016,P002,16959,2026-01-17
P019,P011,14927,2026-01-13
P004,P017,1002,2026-02-28
P024,P005,5558,2026-02-22
P003,P016,11593,2026-02-03
P020,P023,3131,2026-02-20
P011,P022,12952,2026-03-10
P011,P021,18228,2026-03-04
P002,P020,8192,2026-01-09
P021,P022,7954,2026-02-06
P024,P003,3725,2026-02-25
P025,P021,3793,2026-04-01
P015,P006,10312,2026-03-30
P001,P002,2338,2026-02-11
P010,P012,14612,2026-02-17
P005,P008,14002,2026-03-09
P019,P022,6070,2026-01-24
P006,P003,13035,2026-03-20
P020,P022,16807,2026-01-31
P019,P005,15610,2026-01-30
P021,P009,8866,2026-02-28
P022,P001,9925,2026-03-01
P022,P018,2920,2026-01-21
P015,P012,10302,2026-03-17
P021,P014,8695,2026-03-30
P015,P010,13105,2026-01-26
P016,P004,12996,2026-01-31
P019,P012,10195,2026-03-15
P023,P010,13469,2026-01-03
P009,P001,2107,2026-03-14
P020,P024,9878,2026-03-05
P025,P026,12044,2026-01-30
P008,P021,8712,2026-01-25
P022,P025,4981,2026-03-26
P021,P004,1791,2026-03-22
P010,P026,1593,2026-02-26
P019,P012,3453,2026-01-17
P010,P011,6255,2026-02-23
P007,P005,12488,2026-03-11
P009,P006,16289,2026-02-02
P026,P010,4273,2026-02-13
P015,P003,7892,2026-01-19
P022,P024,13522,2026-03-28
P026,P018,3459,2026-02-16
P026,P013,9165,2026-01-02
P018,P004,12577,2026-02-28
P022,P024,9090,2026-03-28
P019,P013,12672,2026-03-23
P004,P022,15949,2026-01-30
P001,P020,11248,2026-03-13
P020,P008,2571,2026-03-24
P021,P015,10402,2026-03-31
P021,P014,5080,2026-01-15
P010,P016,3684,2026-01-15
P008,P018,13235,2026-01-18
P015,P012,18201,2026-03-27
P014,P019,14094,2026-01-20
P021,P004,13873,2026-03-04
P009,P002,12641,2026-03-30
P007,P015,8236,2026-02-26
P001,P002,5000,2026-03-15
P001,P003,5000,2026-03-15
P001,P004,5000,2026-03-15
P001,P005,5000,2026-03-15
